edit_history_tweet_ids,id,created_at,author_id,text
['1875381195351191587'],1875381195351191587,2025-01-04T03:18:14.000Z,1389369926259990534,@EnmanuelRM_ @SuperdeBancosRD Pero realmente el pap√° de las pyme es @BancoBHD
['1875373933522018433'],1875373933522018433,2025-01-04T02:49:23.000Z,1459999153422053381,"@Sinfiltros_tv Hasta el due√±o de pyme m√°s peque√±a sabe perfectamente cu√°les son las causales de despido y su alcance.
La √∫nica explicaci√≥n posible es que en Mega quer√≠an hacerle un buen regalo a A-S"
['1875367464063901881'],1875367464063901881,2025-01-04T02:23:40.000Z,3090258327,"@gus_bs Sacando la casta/Rigi Massa,Vila Manzano , los Menem m√°s todos los q sabemos etc, etc.
Ahora fuera de eso pyme, el campo y todas las econom√≠as regionales estan cuasi subsisten. 
Se termino el negocio del trabajo y emprender.
Veo un descalzado producci√≥n , precios e impuestos."
['1875366269022785894'],1875366269022785894,2025-01-04T02:18:55.000Z,366373550,@KichaChilena De seguro nos enteramos pronto que alg√∫n UDI o patriota del PR tiene alguna pyme de venta de computadores usados. Si ya todas las semanas sabemos de alg√∫n caso robo descarado de esos sinverg√ºenzas.
['1875355204725698644'],1875355204725698644,2025-01-04T01:34:57.000Z,1694500396318773248,"@PabloRossiLN Jos√© cree que todos los que producimos en argentina somos delincuentes, lamentablemente no es as√≠ , no tienen ni idea de lo que hablando , si cree que es tan f√°cil que intente llevar una pyme, no creo que pueda ."
['1875346956534607918'],1875346956534607918,2025-01-04T01:02:11.000Z,1397715506770161669,"@sanchezdiputado A ti lacra no te da verg√ºenza tener una pyme de cigarros, tambi√©n terminar√°s como t√∫ amigo
Ojeda."
['1875343595773042688'],1875343595773042688,2025-01-04T00:48:50.000Z,1338971175662268417,"@Cybertario Est√° gente es experta en aumentar el desempleo, en 2018 tuvimos una muestra! Y es con comentarios ignorantes como este es que las empresas que pueden se van a otra parte y el que no puede irse, xq es una Pyme,  reduce su personal o cierra!"
['1875339225018843224'],1875339225018843224,2025-01-04T00:31:28.000Z,1866098595608313856,"Esta medida genera una nueva capa de incertidumbre. Las oymes seguro tendr√°n que ajustar precios constantemente, y esto complica la relaci√≥n con proveedores y clientes. La falta de previsibilidad impacta directamente en la planificaci√≥n y el crecimiento del negocio. #pyme"
['1875338928921760182'],1875338928921760182,2025-01-04T00:30:17.000Z,976836928405430272,"A JUICIO.

Bloqueos: un dirigente cercano a Hugo Moyano y otros cinco sindicalistas ir√°n a juicio por extorsi√≥n.

El gremialista Omar P√©rez es uno de los acusados de bloquear un dep√≥sito de la pyme Andar Transportadora. Otros cuatro miembros de Camioneros fueron acusados de‚Ä¶ https://t.co/jiDVVmgO3z https://t.co/B2LmSVWIzj"
['1875335580869091544'],1875335580869091544,2025-01-04T00:16:59.000Z,1685184133910126592,""" todos somos iguales, pero algunos somos m√°s iguales que otros"", parece decir la sanshita del otrora partido PS, hoy reconvertido en pyme ideologica de los sociolistos

Si le abren las grandes alamedas al pueblo, de seguro est√° izmierda le coloca un peaje. https://t.co/u4UOXxc9WK"
['1875332166936346988'],1875332166936346988,2025-01-04T00:03:25.000Z,1525478371634909184,"@luflorescba Me gustar√≠a aprovechar la encuesta para hacer un cometario utilizando una frase de un fallecido due√±o de una PyME, dirigente empresario de la  Ciudad de Santa Fe ""A NUESTROS FUNCIONARIOS LES FALTA MAMELUCO"" le agregar√≠a a los economistas estrellas y a nuestro presidente @JMilei"
['1875330148754715129'],1875330148754715129,2025-01-03T23:55:24.000Z,1516883780182683651,"@Qaz17825951 @scheik_elbeled @FonsiLoaiza Creo haberlo explicado,
Hay despido disciplinario,no remunerado en absoluto.
Despido improcedente,remunerado de ACUERDO A LA LEY.
La ley (no el juez),tiene claramente establecidas las cuant√≠as,fechas y montos,da igual si es una pyme o una transnacional."
['1875329531193782358'],1875329531193782358,2025-01-03T23:52:56.000Z,1492195821844144134,"La PyME de Adorni agreg√≥ cuatro nuevos empleados millonarios a su equipo
 
Con estas nuevas designaciones, Adorni suma un total de 212 empleados en su equipo.

Recibir√°n sueldos entre dos millones y medio y tres millones de pesos.

 https://t.co/ecddw1B7ge a trav√©s de @INFOnews"
['1875326676017803676'],1875326676017803676,2025-01-03T23:41:36.000Z,2180140063,Parece que Adorni y su PyME est√°n de joda...
['1875323526498152867'],1875323526498152867,2025-01-03T23:29:05.000Z,1708716945975939072,"Che @javierlanari  te felicito por la pyme con 60 personas a tu cargo?! 
Mucho laburo redactar un tuit!! üëèüèªüëèüèª https://t.co/GmLgmz3gd3 https://t.co/fC3NevXMmF"
['1875318527542096301'],1875318527542096301,2025-01-03T23:09:13.000Z,977678274674520065,"@viki06 @Yolanda_Diaz_ Jaja, q listura ten√©is, no lo hab√≠amos pensado antes los demas. Q pueriles sois...No claro, si una pyme con 10 trabajadores, q a penas subsiste, por la reducci√≥n tiene q contratar a otro u otros dos trabajadores para cubrir esas horas, esa empresa desaparece...Eso es trampear."
['1875318244489474375'],1875318244489474375,2025-01-03T23:08:05.000Z,312148739,"@ArrepentidosLLA Y cu√°l ser√≠a el problema ??
Renunci√°s y te pon√©s tu propio negocio o f√°brica o pyme..."
['1875315221365215657'],1875315221365215657,2025-01-03T22:56:05.000Z,1641105554289356800,"Todos vendemos de alguna forma.

Contactenos y le asesoramos con gusto.

#ventas #marketing #pyme #pymesyemprendedores #costarica #centroamerica #pymes https://t.co/rseb6L4F9g"
['1875313331931902044'],1875313331931902044,2025-01-03T22:48:34.000Z,1345852899038003203,"@lvferrada @GabrielBoric @Minrel_Chile @mindefchile Winter pondr√° una pyme 
Acepta sugerencias"
['1875312447868826054'],1875312447868826054,2025-01-03T22:45:03.000Z,1273984340364582912,Fuerte cr√≠tica desde el sector pyme al gobierno de Javier Milei: ‚ÄúNo hay pol√≠tica industrial‚Äù https://t.co/PDU51lsP3C
['1875307402721161223'],1875307402721161223,2025-01-03T22:25:00.000Z,2898227991,@TisoElpe @MauroIcardi Pongamos una pyme
['1875305083912736940'],1875305083912736940,2025-01-03T22:15:48.000Z,275424816,"@moniseville Las peque√±as y medianas empresas (pyme) espa√±olas registraron el segundo mayor crecimiento en el conjunto de pa√≠ses de la UE en 2023 con un 4,9%, el √∫nico pa√≠s que supera el umbral del 4% j"
['1875302356122005565'],1875302356122005565,2025-01-03T22:04:57.000Z,1396963144501796872,"@Pela771Pablo @cla77762 @madorni Madorni tiene una PYME, 48.000 amigos y parientes.... pero ellos no son CASTA...."
['1875301151056478621'],1875301151056478621,2025-01-03T22:00:10.000Z,1709351015470776320,"Incre√≠ble oferta especial ya caduca pronto, se parte de la racha ganadora y crea tus hermosos ildes, #smallbisons #suscripcion #oferta #curso #ilde #ildeobatala #obatala #obbatala #orisha #ifa #osha #santeria #comohacerildes #programa #emprende #pyme https://t.co/oR0gFSRIcT"
['1875298814900437018'],1875298814900437018,2025-01-03T21:50:53.000Z,1845986637441810432,"@Greeduys @VillarruelGlam Los pobres ya no comen carne y no pueden pagar tarifas. La clase media quem√≥ ahorros y fundi√≥ la pyme. El campo entra en default. Sumale que nadie invierte un d√≥lar y se est√° negociando otro desembolso con el FMI.

La gente va a votar a los kukas aunque sea por venganza."
['1875296705299784185'],1875296705299784185,2025-01-03T21:42:30.000Z,1309552431689236480,"@Mega15_Ancap_CL @diputadonaranjo Se nota que √©ste par√°sito nunca ha tenido una pyme, y lo √∫nico que sabe hacer es ""estirar la poru√±a"" a fin de mes.."
['1875294839392366604'],1875294839392366604,2025-01-03T21:35:05.000Z,40527536,"@unatomomas_ @fedetbq @vmenditto 1)distingamos empresas como SODIMAC o FR√ÅVEGA, c estrategias y espalda p/ alg√∫n moco,d una Pyme.
Ah√≠ empiezan las falacias 
2)si las viste,sabr√°s:cdo es estrategia,ponen 2, 3, 10 si quer√©s,a ese $ y al agotarse, pausa,actualiza el $ y se sigue la venta c el hype.
Esto no fue as√≠."
['1875294284800520365'],1875294284800520365,2025-01-03T21:32:53.000Z,106521486,"En junio empieza el juicio contra la mano derecha de Hugo Moyano por bloquear una PYME 
 https://t.co/q0PWYXBUpo"
['1875292443358458037'],1875292443358458037,2025-01-03T21:25:34.000Z,144040120,@TartuTV Arma una pyme y manejala como quieras
['1875292300705984754'],1875292300705984754,2025-01-03T21:25:00.000Z,3285680905,"Integrar la #IA en la estrategia de #mercadotecnia.
https://t.co/oD2NWkNNHH
#mkt #marketing #business #pyme #empresa #tactics https://t.co/XTAfPA6YxG"
['1875292185542979787'],1875292185542979787,2025-01-03T21:24:32.000Z,1374558300491165696,"@CalderonBassi En buena cuenta y ante los hechos,la casa de gobierno result√≥ ser la PYME INMOBILIARIA y SEXUAL de los progres  emprendedores‚ÄºÔ∏è"
['1875291609312719113'],1875291609312719113,2025-01-03T21:22:15.000Z,760478300615639040,"@matiaspmanghi Qu√© frutos a largo plazo? Una PyME que se funde no reabre NUNCA M√ÅS. Este experimento mileista implica un genocidio sobre  el sector m√°s d√©bil y expuesto de la sociedad,el 60% de la poblaci√≥n. #MileiEsUnaEstafa"
['1875290425369731577'],1875290425369731577,2025-01-03T21:17:33.000Z,250041907,@NicooTobares @juulieta45 @badasaqueen2 @DrConsumidorArg @ML_Argentina Yo tengo una pyme con p√°gina web hace a√±os y me ha pasado de que compraron un producto con precio desactualizado y ah√≠ te ten√©s que cagar por no chequear los precios.
['1875289132144181410'],1875289132144181410,2025-01-03T21:12:24.000Z,912248157458898944,"""Cada vez se habla m√°s de los Setters y Closers de Venta como claves del √©xito en negocios. Pero, ¬ørealmente funcionan en la pr√°ctica o son solo una moda pasajera? Este art√≠culo lo analiza, alg√∫n experto del sector que comparta su opini√≥n? https://t.co/foSKm5H5y5
#Negociodigital"
['1875288418399482329'],1875288418399482329,2025-01-03T21:09:34.000Z,822921378663989248,"Un llamado de atenci√≥n sobre las PYMES como los que tanto escuchamos por parte de @lacha 

https://t.co/6DQxemcvnp"
['1875285978828648767'],1875285978828648767,2025-01-03T20:59:53.000Z,1484410285838544903,@porqueTTarg Por supuesto tienen que defender la pyme de Kicillof
['1875283850303303696'],1875283850303303696,2025-01-03T20:51:25.000Z,1834307619923607552,Estos hdp . Hicieron mierda a los jubilados ni√±os pyme y trabajadores ..AHORA VIENEN POR LOS CARTONEROS Y CHATARREROS ..NO TIENEN PERDON DE DIOS https://t.co/xYnD7FAnws
['1875282899362287860'],1875282899362287860,2025-01-03T20:47:38.000Z,1837493025179594752,@BotMerluzo49008 @MaresCuarentona @simonni17 Las AFP son una pyme? ü§¶ü§¶ü§¶ü§¶
['1875282664040857666'],1875282664040857666,2025-01-03T20:46:42.000Z,2257953902,Lo dicho. Los √±oquis de adorni.  https://t.co/qQ52v5yVoS https://t.co/uUReINRBnu
['1875281169484583097'],1875281169484583097,2025-01-03T20:40:46.000Z,1649084839709007873,"@ArgentinoProm_ Che, no habr√° economistas de la escuela para elegir, alg√∫n buen empresario pyme, alg√∫n laburantes promedio con buena dial√©ctica, un profe universitario no progre. 
Yo valoro la batalla de redes pero algo m√°s que tetas y tweeteros se necesita."
['1875280289767027005'],1875280289767027005,2025-01-03T20:37:16.000Z,20816312,La PyME de Adorni agreg√≥ cuatro nuevos empleados millonarios a su equipo https://t.co/EMMr4TOhoB
['1875278554297954539'],1875278554297954539,2025-01-03T20:30:22.000Z,27697807,"üìπ Juan Pablo Pliauzer, due√±o de la marca de zapatos Rallys, traza un panorama preocupante respecto del futuro de las pymes si el Gobierno no toma medidas urgentes.

https://t.co/xdmZWBXIYT https://t.co/43E5rl5QZv"
['1875277982874689665'],1875277982874689665,2025-01-03T20:28:06.000Z,117809764,"Interesante entrevista a este empresario pyme ante la preocupante actualidad del sector. Defender la industria es defender el trabajo de los argentinos. Las pymes representan el 42% del PBI nacional, el 62% del empleo nacional y el 85% del empleo formal.
https://t.co/0bs1kV3EDi"
['1875277928705224853'],1875277928705224853,2025-01-03T20:27:53.000Z,161641157,@itscroa mi pyme
['1875275701005496390'],1875275701005496390,2025-01-03T20:19:02.000Z,1620203608338796550,@pendejoporcba @pyme_pajera @xhumanart Hola
['1875270758123057550'],1875270758123057550,2025-01-03T19:59:24.000Z,1166913189327572998,@Maximil76015492 @FinanzasArgy Pero si en pba gobierna kici y la tasa mas baja es el precio de una casa como queres q se mantenga una pyme?
['1875269782754456037'],1875269782754456037,2025-01-03T19:55:31.000Z,1868261709393076225,"@_alexmoral11 Esto refleja claramente que el club se gestiona c√≥mo una PYME y no como una multinacional.....
Ahora mismo es una junta directiva de amiguetes!!!!"
['1875267389648167171'],1875267389648167171,2025-01-03T19:46:01.000Z,1214580130682679296,"@neurodivagante Entrevistas sobre estructuras de datos que hacen en Google pero con sueldo de PYME, capacidad de ¬´trabajar bajo presi√≥n¬ª o construir algo de punta a punta.
A veces se siente como si a mi pap√° que era panadero le hubieran pedido experiencia en construir hornos."
['1875267314423361802'],1875267314423361802,2025-01-03T19:45:43.000Z,1533553332123582465,"@AlejandroADN10 @dona_pily2 @revistaRAYA @RTVCnoticias @GoberVichada @IvanDuque @andrescamachom_ @jrestrp @laurisarabia @GustavoBolivar @petrogustavo @ECOPETROL_SA En los pa√≠ses tributariamente + avanzados es decir m√°s equitativos ƒ∫as regal√≠as ""NO DEBEN DESCONTARSE DEL IMPUESTO DE RENTA SEGUN LA @CConstitucional ESO ES INCOSTITUCIONAL PERO EL PYME SE LA APLICAN TODA"" usted no defiende su naci√≥n sus recursos menos la manera de Distribuirlos"
['1875264859300098110'],1875264859300098110,2025-01-03T19:35:57.000Z,1721143603827802112,@marinoclara Y el sueldo de la pyme del estado de adorno
['1875264597034463684'],1875264597034463684,2025-01-03T19:34:55.000Z,1605557038519574529,@passuccijuan Adema solo gente de clase media tiene una pyme
['1875263601801621940'],1875263601801621940,2025-01-03T19:30:58.000Z,597982990,"INVERSIONES desde $5,000, üì≤cont√°ctame ü§ëüí∞#Morelia #Michoacan #pyme #medico #salud #patrimonio #seguros #feliz #hipotecario #promociones #credito #ahorro #auto #gastosmedicos #finanzas #terremoto #hogar #axen #vtseguro https://t.co/ZbZCF0FDg6"
['1875257215155916896'],1875257215155916896,2025-01-03T19:05:35.000Z,941338004987285504,"@luflorescba @carod2015 Pyme industrial, comercial o de servicios?"
['1875255936614601168'],1875255936614601168,2025-01-03T19:00:30.000Z,928847029492748293,"Juicio por extorsi√≥n: cinco sindicalistas, entre ellos un dirigente cercano a Hugo Moyano, ser√°n juzgados por el bloqueo a una pyme https://t.co/V19hVJBAAq"
['1875255370450608436'],1875255370450608436,2025-01-03T18:58:15.000Z,1765759821326794753,"@petrorius12 @infobae Es un banco, no un kiosko ni una pyme."
['1875255329853993199'],1875255329853993199,2025-01-03T18:58:05.000Z,1598640031207510016,@camboue Sin duda que las empresas sobre todo las m√°s grandes est√°n ya ahora atiborradas de gente.  No les entra un alfiler. Las pyme se funden sin duda pero las grandes se las fagocitan...
['1875251602392805795'],1875251602392805795,2025-01-03T18:43:17.000Z,741219996,"Participaron de la charla junto a @dhfiori  y @jorgelahiba,  @maira_ross50538 , instrumentadora, emprendedora; Cristina Bondioni, empresaria pyme; Claudia Palmero, fonoudi√≥loga; @SilvanaTeisa, dirigenta de la UOM, y Laura Ferrer Varela dirigenta de la @docentesunr."
['1875251317377225138'],1875251317377225138,2025-01-03T18:42:09.000Z,1549940789865758722,"@Monica_E_R_ @MileiEmperador Reina, yo manejo una Pyme. Cambiabamos 3 listas de precios x mes con la laKra previa !!
Eso cuando conseguiamos mercader√≠a. 
Todav√≠a no estoy contenta, pero SOY OBJETIVA y veo mil cosas que se acomodaron. La estabilidad que consigui√≥ Milei, abre posibilidades."
['1875250567699980681'],1875250567699980681,2025-01-03T18:39:10.000Z,1806526414050734080,"@LLibertadAvanza @JMilei Con pyme cerradas por las importaciones chinas ? Seeee, re felices !"
['1875250025237987761'],1875250025237987761,2025-01-03T18:37:01.000Z,1750891518427070464,"@DFinanciero Pongan mas ojo en esas famosas Pyme o de la Multigremial , son ""expertos"" en violar leyes laborales esa tracalada de CONCHESUMADRES ideologizados, las empresas grandes cumplen y son mas respetuosas con sus trabajadores"
['1875248945427108159'],1875248945427108159,2025-01-03T18:32:43.000Z,1750891518427070464,"@DFinanciero Otro rubro mafioso es la Multigremial , cuyo ""vocero"" es Juan Pablito Swett, un weon mantenido por sus papitos que se la lleva ""opinando"" de pol√≠tica partidista , se las da de pyme el chanta, nunca he sabido cuales son sus pymes https://t.co/BaOYMCXfux"
['1875247910176354422'],1875247910176354422,2025-01-03T18:28:36.000Z,1101252819674431491,"@ignacioortelli Estaci√≥n de tren Villa Devoto, una pyme familiar trapito"
['1875247909643723110'],1875247909643723110,2025-01-03T18:28:36.000Z,1484214013483536384,"Ayuden hasta los 30,devuelvo follow esto es una pyme https://t.co/9Sqv1C8lx2"
['1875247253633560802'],1875247253633560802,2025-01-03T18:26:00.000Z,14086560,"@Telcel tiene dos meses clav√°ndome una madre que se llama ""PYME"" en mi factura: servicios para PYMEs literal, aparece como ""servicios a terceros"" y jam√°s descargu√©, autoric√© ni acept√© nada de esto. ojito, revisen sus facturas amigues."
['1875247102009471392'],1875247102009471392,2025-01-03T18:25:24.000Z,475526617,"Hay que eliminar la defensa del consumidor 

Estos mismos dos meses despu√©s: quiero escrachar a Pyme McPyme que me prometi√≥"
['1875246986443813284'],1875246986443813284,2025-01-03T18:24:56.000Z,1720956229105618944,"El pol√≠tico m√°s honrado amigo de dictadores criminales pontificando, mientras sacude la Pyme para forrarse con candidatura del partido que comparta el bot√≠n üëá https://t.co/TTgL4wvI82"
['1875246832365850928'],1875246832365850928,2025-01-03T18:24:19.000Z,424911145,"IMPORTANTE:

Si tienes una #PYME espa√±ola con al menos 10 trabajadores, los fondos NextGenerationEU te dan hasta 24.000‚Ç¨ para que los inviertas en asesoramiento tecnol√≥gico.

Por aqu√≠ tienes los requisitos y las categor√≠as disponibles

https://t.co/u3TNkiZDvW
#kitconsulting"
['1875246037193101729'],1875246037193101729,2025-01-03T18:21:10.000Z,1419692317343166464,"3 Estrategias para Captar Clientes en Tu Negocio Online ‚≠ê

Necesitas conseguir:
üìåSu nombre
üìåSu email
üìåY su tel√©fono

D√°ndoles gratis:
‚úÖ Un Webinar
‚úÖ Un e-book
‚úÖ Una primera sesi√≥n

#captarclientes #escalarnegocios #peque√±aempresa #peque√±onegocio #pyme #emprendedor https://t.co/Z0kwnEKx4p"
['1875245528931561505'],1875245528931561505,2025-01-03T18:19:09.000Z,1650307914131709953,@fortavat Esta piba no dura 10 d√≠as como cadete en una pyme
['1875244961786163214'],1875244961786163214,2025-01-03T18:16:53.000Z,700527291311460353,"@obligadocualqui @DaniMoraguesuy Si algo aprend√≠ teniendo una pyme es que no trabajas ni 8, ni 10, no 12 horas, laburar 24/7 los 365 d√≠as del a√±o y si te tomas unos d√≠as segu√≠s al pendiente, o cerras a costa de tu bolsillo ya que si la empresa no labura no hay ingresos para cubrir los gastos fijos"
['1875244288596119658'],1875244288596119658,2025-01-03T18:14:13.000Z,78414946,@cnaccas @luflorescba Pero si hace m√°s de 10 a√±os que estamos en una √©poca mala (por eso cambiamos de gobierno) quien va a tener ahorros? Como una pyme puede tener ahorros para 10 a√±os con baja en las ventas?
['1875242832115781924'],1875242832115781924,2025-01-03T18:08:26.000Z,522680070,"Lo vivimos en los 90. Lo viv√≠ como empresario Pyme. Mis clientes importaban lo que yo les prove√≠a. Me fundi. La historia se repite, con las .jam√°s consecuencias. Lamentable!!!
# https://t.co/Zyy1Wki7aM"
['1875240870251053466'],1875240870251053466,2025-01-03T18:00:38.000Z,156484786,@juanpabloswett Es tan absurdo como creer que usted es Pyme.
['1875240675022926024'],1875240675022926024,2025-01-03T17:59:51.000Z,2237257813,lo que es ser una rata inmunda boludo no est√°s cagando a elon musk est√°s cagando a un tipo que se rompe el lomo teniendo una pyme pero despu√©s hay que construir un pa√≠s con esta gente color ocre eh https://t.co/HoDtAOTet0
['1875239452064276574'],1875239452064276574,2025-01-03T17:55:00.000Z,3285680905,"Nuevo a√±o, nueva estrategia.
#empresa #pyme #business #growth 
https://t.co/K7Plbyk4PN https://t.co/qUW1rjaCKl"
['1875237290911658079'],1875237290911658079,2025-01-03T17:46:25.000Z,2550962754,"¬°Ya estamos en el 2025!
En #Agente180 el curso semiescolarizado: estamos para apoyarte en ese plan
Inscr√≠bete, inicio de curso del PyMe o nivel 1 que inicia este proximo 11 de febrero
Y recuerda: AGENTE 180 es tambien promotor√≠a
coordinacion@wylievielma.mx
3317151444 https://t.co/6QXExrOwWT"
['1875234203916497021'],1875234203916497021,2025-01-03T17:34:09.000Z,4449299660,1 like y cambiamos mi pyme de BBVA a Santander
['1875231976200008168'],1875231976200008168,2025-01-03T17:25:17.000Z,1764280209480564736,@Lucas51501960 @RAMIROMARRA Si tan altruista sos Luquitas..por qu√© no armas una cooperativa o una pyme de algo productivo y les das trabajo a todos esos que vos crees est√°n fuera del sistema..
['1875230751278682236'],1875230751278682236,2025-01-03T17:20:25.000Z,707928528,"La Pyme de @Chile_Vamos_ apoya un Nuevo Ministerio para sus empleados de amigos

Y un ""pr√©stamo"" al 2% (las AFPdierom 9% √©ste a√±o en fondo m√°s riesgoso) que servir√° ""cuando ellos sean Gobierno""

¬øEsta jugada aumentar√° las Pensiones con 7% menos en 40 a√±os?

NI UN VOTO A ChVamos https://t.co/WdEPtEtWDr"
['1875225896690614534'],1875225896690614534,2025-01-03T17:01:08.000Z,204563093,@Camila______06 @vmenditto Me gan√≥ la moral y decid√≠ no cagar a una pobre PyME
['1875225682214576152'],1875225682214576152,2025-01-03T17:00:17.000Z,1750271971626287104,"üìà ¬°Es momento de impulsar tu negocio en 2025! üöÄ
En FINALIANZA, sabemos lo importante que es crecer, por eso ofrecemos cr√©ditos √°giles y flexibles para que tu PyME o microempresa pueda seguir alcanzando nuevos horizontes. üí°üíº https://t.co/rrsD5wwAjs"
['1875225617672683921'],1875225617672683921,2025-01-03T17:00:01.000Z,4743540075,"üí™ Reforzamos la #Ciberseguridad de las #Pymes espa√±olas con el lanzamiento de nuestro #PlanDirector

üõ°Ô∏è Asesoramos en ciberseguridad a tu pyme y te gestionamos, de forma gratuita, la subvenci√≥n del nuevo #KitConsulting de #FondosEuropeos de entre 10 y 250 empleados

üëáüëáüëá"
['1875225615114346566'],1875225615114346566,2025-01-03T17:00:01.000Z,939964624711057412,"üî¥ Fuerte cr√≠tica desde el sector pyme al gobierno de Javier Milei: ‚ÄúNo hay pol√≠tica industrial‚Äù

üëâ El presidente de Industriales Pymes Argentinos (IPA) enfatiz√≥ que no est√°n preparados para la apertura que plantea el gobierno

https://t.co/NWIW9SG6lG"
['1875221836436259090'],1875221836436259090,2025-01-03T16:45:00.000Z,63805938,"üßæ#DFTax | PYME: comienza a regir la tasa de inter√©s reducida para deudas tributarias atrasadas
https://t.co/xRfGTwcaxW"
['1875219700638167201'],1875219700638167201,2025-01-03T16:36:31.000Z,836730848762200065,"#laplata 98 e/ 116 y 117, Villa Montoro. Descubrieron una pyme de delitos. Un poco de droga (28,8 gramos de coca√≠na y 26,3 de marihuana), motopartes, armas, proyectiles y hasta un chaleco antibala. Hubo 4 detenidos. Una mujer y tres hombres. https://t.co/5plIeNpQgb"
['1875219689259118683'],1875219689259118683,2025-01-03T16:36:28.000Z,885505908,"@gustavo_srcc No puede ser que crea que se va a salvar por unas piletas de pl√°stico, tiene q tener algo personal con los opas de la pyme y los querr√° joder por placer si no no se explica"
['1875219608627814565'],1875219608627814565,2025-01-03T16:36:09.000Z,917077122530840576,"@diegotefraga Lo √∫nico que habr√≠a que revisar es el movimiento de guita en f√≠sico, cuando lo tratan de blanquear ah√≠ caer. Sino cualquier narco se puede poner una PYME de venta de ""servicios"" y blanquean guita a lo pavo. Vendo servicios de asesor√≠a sobre el universo, 1M la consulta."
['1875217647681556912'],1875217647681556912,2025-01-03T16:28:21.000Z,1239649906660388865,"@Marga_2024_ @todoesmentiratv Si algo conozco a fondo es la Micropyme, que es la muy mayoritaria pyme en Espa√±a, con cerca de un 38% del total.
Quien conoce este mundo a fondo, quien lo ha tenido que sacar adelante sabe la diferencia que hay entre unas y otras"
['1875217481620684827'],1875217481620684827,2025-01-03T16:27:42.000Z,885505908,Qu√© tajada cobrar√° ese abogado del consumidor que est√° interesadisimo en hacer mierda a una pyme integrada por pelotudos que cargan mal un precio? Increible
['1875217472003121365'],1875217472003121365,2025-01-03T16:27:39.000Z,24205486,"Se alegran cuando llegan las corporaciones extranjeras.
Para la pyme chilena, estado fallido... https://t.co/dJvHxZp0Rd"
['1875216908405920202'],1875216908405920202,2025-01-03T16:25:25.000Z,1285231438015746049,"Las PYMEs son el motor que impulsa los sue√±os de miles de familias y el desarrollo de nuestro pa√≠s. 
Mi compromiso es seguir trabajando incansablemente para quitarles las trabas del camino, porque cada vez que ayudamos a una PyME a crecer, estamos construyendo un futuro mejor y‚Ä¶ https://t.co/BrpkF3rLbZ https://t.co/EWLEb8Yzqz"
['1875216148507263291'],1875216148507263291,2025-01-03T16:22:24.000Z,277762385,Los jugadores son una raza extra√±a donde se creen que trabajan en relaci√≥n de dependencia en una pyme y que no hay hinchas o un club com gente que conf√≠o en vos y te dio un lugar. Autom√°ticamente se dejan llenar la cabeza con pelotudeces y se olvidan del club que les dio todo.
['1875214521775935519'],1875214521775935519,2025-01-03T16:15:56.000Z,1611233164147531776,@diputadonaranjo A√±o 2025 todas las pyme quebradas y contrato informal en aumento.
['1875213964877160459'],1875213964877160459,2025-01-03T16:13:43.000Z,1535023896,Estos Amarillos nacieron muertos. Esta Pyme es la expresi√≥n de la decadencia del sistema pol√≠tico chileno como producto de la atomizaci√≥n partidaria.@Amarillos_Chile https://t.co/iLQdRAbryi
['1875211728071655595'],1875211728071655595,2025-01-03T16:04:50.000Z,84227045,"@MarceBlon_ @moralesdechile Dije Pyme.. claramente ellos pagan el m√≠nimo por que es lo que la ley le permite pagar, de hecho en muchos casos pagan por hora y debes hacer muchas horas al mes, dobles turnos e incluso trabajar de noche para hacer un buen sueldo, y es por que la ley se lo permite‚Ä¶"
['1875211473934524925'],1875211473934524925,2025-01-03T16:03:49.000Z,1659185932963049472,"@elpiloto767 Creo que igual dijo que con la inflaci√≥n ganaban m√°s los emprendedores PYME y/o que se beneficiaban con eso, algo as√≠."
['1875210512897642968'],1875210512897642968,2025-01-03T16:00:00.000Z,63805938,"PYME: comienza a regir la tasa de inter√©s reducida para deudas tributarias atrasadas
https://t.co/xRfGTwcaxW"
['1875210058080080316'],1875210058080080316,2025-01-03T15:58:12.000Z,1850615558292815872,"@sebastian_gray Que persona m√°s desagradable debe ser usted Sr. Gray, no se ha puesto a pensar en las miles de personas que vienen de Argentina y eso tergiversa las cifras, nosotros hemos despedido a m√°s de 50 personas en nuestra pyme y estamos a nada de quebrar!"
['1875209184184295920'],1875209184184295920,2025-01-03T15:54:43.000Z,1732741097607061504,@AlisAlisL @diegotefraga Fumate esta: Pyme agroind p/ mover cereal necesita permiso d Afip + remito electronico + trazabilidad real camion + transportista + chofer + declarar molienda con ratios DIARIOS + emitir remito electronico x venta subproductos elaborados c/ permiso Afip. Cargill SOLO remito papel
['1875207367622791363'],1875207367622791363,2025-01-03T15:47:30.000Z,1762612050746810368,"Que raro por qu√© los mayores √≠ndices de exportaci√≥n de la industria fueron con Moreno , soy pyme industrial usted a donde tiene su f√°brica ? https://t.co/uictas0Fba"
